{
	"description": "Testing fixed mutual information sampling for random clifford circuits",
	"circuit_type": "random_clifford",
	"num_runs": 1,

	"zparams": [{"system_size": 32, "x1": 0, "x2": 4, "x3": 16, "x4": 20}],

	"gate_width": 2,
	"mzr_prob": [0.0,0.01282051282051282,0.02564102564102564,0.038461538461538464,0.05128205128205128,0.0641025641025641,0.07692307692307693,0.08974358974358974,0.10256410256410256,0.11538461538461538,0.1282051282051282,0.14102564102564102,0.15384615384615385,0.16666666666666666,0.1794871794871795,0.1923076923076923,0.20512820512820512,0.21794871794871795,0.23076923076923075,0.24358974358974358,0.2564102564102564,0.2692307692307692,0.28205128205128205,0.2948717948717949,0.3076923076923077,0.3205128205128205,0.3333333333333333,0.34615384615384615,0.358974358974359,0.3717948717948718,0.3846153846153846,0.3974358974358974,0.41025641025641024,0.4230769230769231,0.4358974358974359,0.4487179487179487,0.4615384615384615,0.47435897435897434,0.48717948717948717,0.5], 

	"temporal_avg": true,
	"sampling_timesteps": 100,
	"equilibration_timesteps": 320,
	"measurement_freq": 5,

	"sample_entropy": false,
	"sample_fixed_mutual_information": true,
	"spacing": 2, 

	"filename": "small_fixed_mutual_information_rc.json"
}